CreditScore,Geography,Gender,Age,Tenure,Balance,NumOfProducts,HasCrCard,IsActiveMember,EstimatedSalary,Exited,Complain,Satisfaction Score,Card Type,Point Earned
738,Spain,Male,21,2,29866,3,1,0,144017,0,0,1,SILVER,686
830,France,Female,29,3,33658,2,1,1,182360,0,0,4,SILVER,709
800,Spain,Male,58,8,134888,3,0,0,163355,1,0,5,DIAMOND,834
433,Spain,Female,67,10,37745,1,1,1,83502,0,1,3,DIAMOND,882
421,France,Male,78,8,70620,2,1,1,163007,0,1,4,DIAMOND,656
416,Spain,Male,43,3,68039,2,0,0,186607,0,1,4,DIAMOND,284
552,France,Female,38,3,60671,3,0,0,64691,1,0,4,SILVER,800
756,Germany,Female,75,0,91184,3,0,1,134158,0,1,2,DIAMOND,858
653,Spain,Female,92,9,1675,3,0,1,166183,0,1,1,DIAMOND,424
506,Germany,Female,51,5,216204,3,1,1,15063,0,0,3,PLATINUM,552
692,Spain,Female,91,8,6035,2,1,0,111402,1,1,5,PLATINUM,614
824,Germany,Female,66,2,62478,2,0,1,112715,0,1,4,DIAMOND,628
772,France,Male,83,2,106603,2,1,1,40547,1,0,4,GOLD,982
483,Germany,Male,89,1,15665,2,1,0,30998,0,1,2,DIAMOND,620
796,Germany,Male,81,10,198931,2,1,1,52423,0,1,2,DIAMOND,488
609,France,Male,50,2,28606,3,0,0,195772,0,0,4,DIAMOND,150
605,Spain,Female,71,8,16336,2,0,1,110492,1,0,2,DIAMOND,201
524,Spain,Male,46,8,82331,2,0,0,46150,1,1,2,PLATINUM,346
801,France,Female,31,9,92137,2,0,0,93469,1,1,3,SILVER,222
455,Spain,Male,22,5,65084,4,0,1,194983,1,1,5,PLATINUM,937
465,France,Female,70,1,155252,3,1,0,62048,1,0,5,PLATINUM,690
424,Germany,Male,85,3,32330,1,0,1,28073,0,1,5,PLATINUM,236
783,France,Female,27,10,92146,3,0,0,105782,1,1,4,DIAMOND,566
639,Germany,Male,43,7,174854,3,1,0,6426,0,1,4,SILVER,936
775,Germany,Female,42,2,46608,2,1,1,193516,1,1,1,PLATINUM,461
688,Germany,Male,81,10,100900,1,1,0,95282,0,1,2,GOLD,978
718,Spain,Female,24,9,104376,1,1,1,122444,0,1,5,SILVER,916
437,France,Female,57,4,61126,4,1,1,106781,1,0,3,GOLD,513
409,Germany,Male,92,9,213941,1,0,1,8985,1,1,2,PLATINUM,797
544,France,Male,70,2,66396,3,0,0,76792,0,0,5,DIAMOND,969
482,Spain,Female,67,0,36959,1,1,1,176300,1,1,1,SILVER,686
744,France,Female,53,2,9859,4,0,0,195205,1,0,2,SILVER,416
679,Germany,Male,85,5,110336,4,0,1,113940,0,1,5,GOLD,538
457,Spain,Male,45,2,224995,3,0,1,168956,0,1,4,PLATINUM,381
633,Germany,Female,35,4,180133,4,1,1,118196,1,1,2,GOLD,494
592,France,Male,50,8,42211,2,0,0,72897,0,0,4,SILVER,963
529,Spain,Female,74,8,192491,3,1,0,198064,1,0,3,SILVER,402
573,France,Female,44,4,88688,1,0,1,126844,0,0,2,DIAMOND,296
360,Spain,Female,30,1,8687,3,0,0,115725,0,1,3,SILVER,880
711,Germany,Male,41,3,208295,2,1,0,100490,0,1,2,SILVER,542
640,Germany,Male,18,1,205073,4,1,0,136232,1,1,2,PLATINUM,938
499,Germany,Female,90,10,202731,1,0,1,87354,0,1,3,PLATINUM,254
749,Germany,Female,22,1,213667,1,0,0,68823,1,1,1,DIAMOND,183
680,Germany,Male,80,5,66860,1,0,0,98483,1,0,5,DIAMOND,345
633,Germany,Male,41,3,230099,3,0,1,41041,1,1,4,DIAMOND,299
814,Spain,Male,36,1,99050,1,0,1,54892,0,1,4,SILVER,247
459,France,Male,50,10,156432,2,1,1,126264,0,0,5,GOLD,538
735,Spain,Male,80,8,249179,2,1,0,186932,0,0,4,PLATINUM,149
800,Spain,Female,28,9,54864,3,0,1,14693,0,0,1,PLATINUM,632
442,Germany,Male,61,3,68121,1,1,0,31414,1,1,3,SILVER,419
513,France,Male,48,6,67292,3,1,1,165097,0,1,4,DIAMOND,160
422,Spain,Male,62,3,58582,1,1,0,167758,0,1,2,GOLD,889
713,France,Male,73,3,74826,4,0,1,89442,0,1,3,PLATINUM,145
850,France,Male,82,6,217396,2,0,1,96857,0,1,3,DIAMOND,195
770,Germany,Female,81,5,172892,1,0,0,163373,0,1,1,DIAMOND,495
835,Spain,Male,24,0,212877,4,0,0,102865,1,0,4,GOLD,519
546,Spain,Male,52,7,210875,3,1,1,96346,1,1,1,SILVER,853
828,Germany,Male,23,2,116264,2,0,1,164430,1,0,4,DIAMOND,534
360,Germany,Female,35,0,54924,1,1,1,60721,1,0,3,DIAMOND,376
651,Germany,Male,49,2,150728,2,1,0,178229,0,0,2,PLATINUM,952
669,Germany,Male,27,2,61475,1,1,1,59704,0,1,5,GOLD,904
772,Germany,Female,90,5,248339,2,1,0,108938,0,1,1,DIAMOND,802
658,Spain,Female,61,5,81980,3,1,0,26414,0,1,1,PLATINUM,389
785,Germany,Female,54,6,18653,4,1,0,124912,0,0,4,PLATINUM,292
362,Spain,Female,87,4,6942,2,1,1,99650,1,0,5,DIAMOND,441
588,Germany,Male,47,2,85711,4,1,0,197370,0,1,3,SILVER,960
711,Germany,Male,82,2,20468,3,1,1,20645,1,0,5,GOLD,415
525,Spain,Female,51,8,73838,4,0,0,2742,0,0,4,DIAMOND,676
620,France,Male,68,4,75105,1,1,1,115332,0,1,5,PLATINUM,350
457,Germany,Male,36,1,131376,2,1,0,102622,1,0,1,PLATINUM,235
437,Germany,Male,83,1,249000,1,1,0,99250,0,1,1,PLATINUM,935
831,Germany,Male,59,9,133344,4,0,1,12731,1,1,1,GOLD,791
811,Germany,Male,22,8,49008,1,1,1,66252,0,0,1,PLATINUM,128
758,Germany,Male,72,1,148927,2,0,0,149136,1,0,4,SILVER,642
394,Spain,Male,43,4,214823,3,1,1,63169,0,1,1,PLATINUM,982
463,France,Female,83,3,212130,4,1,1,100699,1,0,2,SILVER,721
540,Germany,Male,38,6,70377,2,1,1,144665,0,1,1,GOLD,194
610,France,Male,76,0,1001,3,1,0,147261,1,0,2,GOLD,605
653,Spain,Female,32,1,192192,1,0,1,38009,0,0,2,SILVER,299
709,Germany,Male,77,1,115331,3,1,0,188992,0,1,5,SILVER,153
433,France,Male,84,10,68481,1,0,0,95467,0,1,5,PLATINUM,918
624,Germany,Female,88,1,129960,2,0,1,156609,0,1,1,DIAMOND,852
420,France,Male,37,4,245816,3,1,0,103889,0,0,3,GOLD,188
589,Germany,Female,92,1,184719,1,0,0,86591,1,1,2,GOLD,343
747,Spain,Female,23,10,92905,3,1,1,128583,1,1,2,GOLD,609
474,Germany,Female,41,9,232518,3,0,0,38972,1,0,5,GOLD,898
721,Germany,Female,86,0,48264,3,0,0,43715,0,0,2,GOLD,406
692,France,Male,70,1,224292,3,1,1,85243,0,0,1,DIAMOND,718
503,Germany,Male,62,0,63777,4,1,0,22999,1,0,4,PLATINUM,357
730,France,Female,47,6,115504,2,0,1,127948,0,0,2,GOLD,457
666,Germany,Male,54,2,70360,1,1,1,75608,0,1,4,GOLD,439
700,Germany,Female,66,4,111447,2,0,0,168987,0,1,2,PLATINUM,519
826,Germany,Female,38,6,13992,3,1,0,121844,0,1,1,SILVER,402
682,France,Male,58,4,760,1,0,1,71134,1,1,4,DIAMOND,803
469,Germany,Male,77,0,172232,2,1,1,198000,0,1,2,PLATINUM,879
559,Germany,Male,49,8,117233,1,1,0,98603,0,0,2,DIAMOND,830
453,France,Female,54,4,121781,2,1,1,12596,0,1,2,DIAMOND,943
706,France,Male,79,9,197926,4,0,0,106563,0,1,2,GOLD,382
454,Spain,Male,34,1,231779,4,0,1,80778,0,0,4,DIAMOND,850
657,Spain,Female,18,5,22631,4,1,1,84100,0,1,1,GOLD,405
513,Spain,Female,55,6,214765,3,1,1,35032,0,1,2,GOLD,781
793,Germany,Male,25,2,100720,1,1,0,31291,1,0,5,PLATINUM,122
454,Spain,Male,65,10,84507,4,0,0,116851,1,1,4,DIAMOND,241
763,France,Female,79,2,225117,1,0,1,162955,1,0,5,DIAMOND,498
376,Spain,Female,49,0,34592,2,0,0,3046,1,1,5,DIAMOND,968
608,Spain,Male,29,6,128089,2,0,1,78933,1,0,1,DIAMOND,485
819,Germany,Male,21,6,193482,3,1,1,104906,1,1,1,GOLD,992
649,France,Female,77,0,190698,1,0,0,48652,1,0,2,DIAMOND,600
623,Spain,Female,23,3,54781,2,1,1,39494,1,1,4,DIAMOND,413
416,France,Male,38,5,114634,3,1,1,196407,0,0,4,SILVER,551
371,France,Male,43,7,122671,2,1,0,160854,1,1,5,GOLD,179
736,France,Male,74,7,122384,1,0,1,69786,0,0,5,DIAMOND,486
700,France,Male,32,8,199946,1,1,1,143513,0,0,3,GOLD,625
405,France,Male,73,3,16493,2,1,0,70379,0,1,5,GOLD,613
773,Germany,Male,34,9,34366,2,1,0,85099,1,1,5,SILVER,981
471,Spain,Female,76,1,109578,4,0,0,36677,1,0,2,DIAMOND,774
753,France,Female,32,4,164646,1,0,1,6608,1,0,1,SILVER,776
756,Spain,Male,66,10,115244,1,1,1,192607,1,1,3,PLATINUM,222
413,Germany,Male,50,0,137907,2,0,0,48467,0,1,5,SILVER,572
700,Germany,Male,43,9,165589,4,0,1,192655,0,1,1,DIAMOND,258
619,France,Male,33,7,130965,4,1,0,125197,1,0,5,DIAMOND,805
691,Germany,Female,80,6,47050,1,1,1,187280,1,0,1,PLATINUM,840
482,Spain,Male,57,9,115116,2,0,0,28216,0,0,5,PLATINUM,880
733,Germany,Female,43,8,14041,4,1,1,101506,0,0,1,GOLD,150
724,France,Female,78,6,54310,2,0,0,100621,1,0,3,DIAMOND,446
521,Spain,Female,34,7,248198,3,0,1,123543,1,1,4,PLATINUM,607
737,Germany,Female,61,3,155876,1,0,1,42254,1,0,5,PLATINUM,774
417,Spain,Female,83,5,43500,4,0,0,140105,0,1,2,GOLD,193
562,France,Male,87,5,142836,3,0,1,68004,0,0,5,PLATINUM,324
792,Germany,Female,83,8,31355,3,1,0,134060,1,1,1,SILVER,528
444,Spain,Male,73,5,108511,3,0,1,160768,1,1,2,SILVER,564
717,Spain,Female,40,1,9665,3,0,1,85545,0,1,1,PLATINUM,298
798,Spain,Male,62,0,194565,2,1,0,188968,0,0,4,SILVER,242
393,Germany,Male,79,7,161663,4,0,1,2991,1,1,5,GOLD,125
515,Spain,Male,38,10,36134,2,1,0,110071,0,1,2,DIAMOND,790
656,Spain,Female,37,5,30183,1,1,1,57200,0,1,3,GOLD,977
649,Germany,Male,43,4,42438,4,1,0,81900,1,0,1,DIAMOND,676
359,Germany,Female,18,1,219766,1,0,0,181794,0,1,1,PLATINUM,979
744,Spain,Male,36,10,37323,1,1,1,74219,0,0,2,SILVER,432
644,Spain,Male,52,3,230259,1,1,1,141982,0,0,5,DIAMOND,217
599,France,Male,46,3,60788,2,0,0,115868,1,0,3,PLATINUM,134
391,France,Male,78,4,11713,4,0,0,60693,0,0,2,SILVER,535
809,Germany,Male,50,10,208407,4,0,1,97852,1,1,5,GOLD,660
662,France,Female,68,1,137707,4,1,0,102228,0,1,4,DIAMOND,488
390,Spain,Female,81,8,237344,1,1,1,20546,0,0,5,SILVER,925
470,Germany,Male,60,6,115432,3,0,1,117664,0,0,4,PLATINUM,164
394,Germany,Female,80,10,41084,1,1,0,177335,1,1,4,PLATINUM,254
491,Germany,Male,30,1,106947,4,1,1,62197,1,1,2,GOLD,905
550,Germany,Female,31,5,129189,1,0,0,198163,1,1,3,GOLD,170
706,Spain,Male,58,6,33749,4,1,1,68092,0,1,2,SILVER,189
618,Germany,Female,55,9,181454,1,1,0,173261,1,1,2,SILVER,393
822,Germany,Female,75,4,55018,2,0,0,68616,1,0,4,SILVER,546
837,Germany,Male,46,8,51288,3,0,0,184578,0,0,2,DIAMOND,693
426,France,Female,23,9,58092,3,0,1,19481,0,1,3,GOLD,958
561,Spain,Female,91,2,232250,1,0,1,144932,1,0,5,SILVER,962
587,Spain,Female,18,5,128858,1,0,0,148862,0,0,2,PLATINUM,586
580,Spain,Female,61,5,220262,2,1,0,133164,0,1,5,GOLD,783
484,Germany,Male,50,7,234545,1,0,1,58174,0,0,1,SILVER,285
374,France,Female,19,8,188900,2,1,1,99347,1,1,4,PLATINUM,800
398,Spain,Male,58,9,223553,2,1,0,165191,0,0,4,DIAMOND,564
846,Germany,Male,72,7,120778,1,1,0,121302,1,1,1,SILVER,995
723,Germany,Female,47,8,218674,3,0,1,74973,0,1,1,DIAMOND,525
607,Spain,Female,51,9,22025,1,1,1,28675,0,0,5,SILVER,951
484,Spain,Male,73,5,57170,4,1,0,121975,1,1,5,GOLD,637
712,Spain,Male,71,5,11932,3,1,0,153400,1,1,4,SILVER,180
750,Spain,Male,87,4,124502,1,1,0,20033,1,0,3,GOLD,649
403,France,Female,46,10,218692,2,1,1,39206,1,0,2,SILVER,968
393,Spain,Female,79,2,30112,1,0,1,48777,1,1,3,GOLD,787
738,France,Female,55,6,135162,1,1,1,77785,1,1,4,SILVER,125
505,France,Female,61,5,249203,3,1,1,35703,1,0,3,GOLD,217
685,France,Male,31,3,92780,3,0,1,122195,1,1,5,DIAMOND,591
407,Spain,Male,89,4,229058,2,1,0,35059,0,0,4,DIAMOND,354
467,Spain,Female,86,0,250891,4,1,1,175912,1,1,3,DIAMOND,377
574,Germany,Female,42,5,72926,1,1,1,119764,0,0,1,PLATINUM,225
815,Spain,Male,57,6,40396,3,0,1,179060,1,1,5,DIAMOND,265
801,France,Female,91,10,25791,4,0,1,114268,1,0,5,DIAMOND,352
787,Spain,Female,33,6,39254,1,1,0,104526,0,1,3,GOLD,801
559,Germany,Female,21,4,140998,3,1,0,134946,0,1,2,PLATINUM,829
407,Spain,Female,21,0,46500,4,1,0,49708,1,1,3,PLATINUM,472
748,Spain,Female,25,2,140007,4,1,0,119325,0,0,4,PLATINUM,212
464,Spain,Female,89,4,104661,4,0,1,100355,0,0,3,SILVER,990
413,France,Female,61,2,191721,2,1,1,140426,0,1,2,GOLD,320
361,Germany,Male,31,0,150707,4,0,0,79704,0,1,2,PLATINUM,193
598,Spain,Female,88,1,242055,3,1,0,199213,1,0,5,SILVER,904
361,Germany,Female,85,6,70187,4,0,1,34163,1,0,3,SILVER,894
741,Germany,Male,28,3,87940,3,0,0,156377,1,1,1,GOLD,752
490,Spain,Female,74,1,10915,3,0,1,199976,0,0,1,GOLD,518
542,Spain,Female,61,1,107111,4,1,0,87794,0,0,2,PLATINUM,444
763,Germany,Female,61,8,223419,2,0,1,144679,1,0,1,PLATINUM,136
490,Spain,Female,64,9,170148,3,1,1,141390,1,1,4,PLATINUM,714
770,Germany,Female,66,7,113912,4,1,1,26401,1,0,1,GOLD,537
574,France,Female,58,2,96734,2,0,1,81127,1,0,4,DIAMOND,566
640,Spain,Male,74,1,91627,2,1,0,179488,0,1,1,GOLD,432
784,Spain,Female,79,0,141434,4,1,1,3052,1,1,5,DIAMOND,589
743,France,Male,41,0,130695,3,0,0,56234,0,1,2,SILVER,205
845,France,Female,60,0,94451,3,0,0,54388,0,0,5,GOLD,267
657,Spain,Male,19,0,36219,2,0,0,124616,0,1,1,PLATINUM,981
547,Germany,Female,35,4,194227,3,0,0,84478,0,1,4,DIAMOND,220
572,Germany,Female,30,8,61695,3,1,1,16847,1,1,3,DIAMOND,636
717,France,Male,45,9,221917,2,1,1,31045,0,0,1,PLATINUM,764
640,Spain,Male,60,9,26290,3,0,0,148584,0,1,2,SILVER,885
669,Spain,Male,60,5,200582,3,1,1,117418,0,1,1,PLATINUM,435
355,Germany,Male,72,8,99317,2,1,1,104788,0,1,3,SILVER,229
634,Germany,Female,86,1,212117,2,1,0,35840,1,0,3,PLATINUM,575
393,France,Male,30,9,179874,3,0,0,156912,0,0,2,PLATINUM,149
399,Spain,Male,44,10,79016,2,0,1,16100,0,1,3,SILVER,528
595,France,Female,69,3,88006,2,1,1,106073,0,1,5,PLATINUM,178
815,Germany,Male,76,5,63423,3,0,1,73422,0,0,3,GOLD,382
374,France,Female,46,4,84250,3,0,1,36756,0,1,2,SILVER,595
845,Germany,Male,24,5,174888,3,1,0,42780,0,0,2,PLATINUM,858
547,Germany,Female,87,2,90683,2,0,0,171331,0,0,1,PLATINUM,862
850,France,Male,18,9,124321,4,0,0,159421,1,0,1,DIAMOND,671
572,Germany,Female,72,1,73598,2,1,0,30861,0,0,5,GOLD,299
526,Spain,Female,90,9,101970,1,1,1,116481,1,1,5,DIAMOND,750
754,Spain,Male,49,4,35013,4,0,1,35533,0,1,1,SILVER,918
515,Germany,Male,21,5,224166,2,1,0,79203,1,0,3,DIAMOND,545
436,Germany,Female,35,3,170994,1,0,0,12963,1,1,5,GOLD,638
590,Germany,Male,31,9,73022,1,0,1,37558,0,0,2,DIAMOND,499
355,France,Female,69,2,126968,1,0,1,4680,0,1,2,PLATINUM,143
364,France,Female,40,10,23292,3,1,1,107492,1,1,2,DIAMOND,976
568,Germany,Male,51,9,240476,3,0,0,82772,1,0,2,SILVER,493
752,Germany,Male,65,6,187830,1,0,1,144945,0,1,1,DIAMOND,849
638,Spain,Male,54,0,194310,3,0,0,163906,0,1,5,SILVER,498
467,Spain,Female,29,1,227929,1,0,0,89669,1,1,3,SILVER,980
524,Spain,Male,68,0,231549,1,0,1,129743,0,1,1,DIAMOND,958
446,Germany,Female,28,1,97245,2,1,1,171658,0,0,2,GOLD,636
353,Spain,Male,42,10,237865,1,0,1,94588,1,1,3,DIAMOND,1000
683,Spain,Female,85,8,8155,4,0,0,178135,0,1,5,GOLD,790
744,Germany,Male,23,6,99529,2,0,1,195045,1,0,1,GOLD,392
740,Spain,Male,52,4,216304,2,1,1,187978,1,0,2,SILVER,625
568,Spain,Female,79,6,30692,1,0,0,103403,1,0,3,DIAMOND,869
407,Germany,Male,32,0,192531,2,1,1,155723,1,0,1,DIAMOND,374
783,Germany,Male,62,8,151388,2,0,1,189648,0,0,3,DIAMOND,842
844,Spain,Male,84,6,203918,2,0,1,58149,1,0,5,PLATINUM,166
539,Germany,Male,84,7,106793,3,0,1,15115,0,0,4,GOLD,384
463,France,Male,27,6,122129,2,0,1,147067,0,0,5,DIAMOND,975
391,France,Male,82,2,42653,3,1,1,73556,1,0,5,DIAMOND,607
767,Germany,Male,92,7,215012,3,0,1,55728,1,1,5,PLATINUM,176
845,Spain,Female,75,7,137609,4,1,1,42851,0,0,4,DIAMOND,806
628,Spain,Male,19,6,173448,4,1,1,97271,1,0,1,DIAMOND,544
759,France,Female,68,0,39020,1,0,0,52439,0,1,5,DIAMOND,899
577,Spain,Male,18,10,76206,4,0,1,170602,0,1,3,SILVER,604
427,Germany,Female,35,1,154120,3,1,1,68461,0,1,5,SILVER,571
661,Spain,Male,18,2,245266,4,0,0,62525,1,1,1,SILVER,241
755,Germany,Male,73,7,111353,3,1,0,42644,0,1,2,GOLD,372
803,Germany,Male,76,4,101366,1,1,1,42186,0,0,3,GOLD,713
576,Germany,Female,68,4,23923,2,1,0,139553,1,0,1,PLATINUM,180
463,France,Female,51,6,211671,2,0,1,43924,1,0,4,PLATINUM,351
690,Germany,Male,80,9,218561,2,0,1,184274,1,0,5,GOLD,817
526,France,Male,92,3,123930,3,0,0,17540,1,1,5,GOLD,201
596,France,Male,21,0,25919,3,1,0,117614,1,1,2,PLATINUM,232
419,Germany,Female,63,9,116811,4,0,0,140326,0,0,4,PLATINUM,478
602,Spain,Female,49,8,188174,2,1,1,62973,0,0,2,PLATINUM,730
360,France,Male,52,3,175888,2,0,0,86807,1,1,2,PLATINUM,998
540,France,Female,48,3,150285,4,0,1,74485,0,1,3,SILVER,157
390,Germany,Male,74,5,58972,1,0,0,198869,0,0,2,DIAMOND,864
799,Germany,Female,21,1,208586,2,0,1,78489,0,1,4,GOLD,400
715,Germany,Male,62,6,12838,4,1,0,127102,0,0,5,DIAMOND,258
516,Germany,Male,92,8,34691,3,1,1,46290,0,0,4,DIAMOND,384
718,Germany,Female,45,6,53862,2,1,1,107906,0,0,4,GOLD,355
845,France,Female,61,8,4701,4,1,1,114873,1,1,5,DIAMOND,305
570,Germany,Female,80,5,24931,3,0,0,157763,0,0,1,SILVER,1000
690,France,Male,34,4,45304,1,1,0,144358,0,1,5,DIAMOND,352
598,France,Male,80,5,79504,2,1,1,129739,0,1,4,GOLD,352
749,Germany,Male,33,10,54206,3,0,0,26657,0,0,5,DIAMOND,930
351,Spain,Male,72,7,52022,4,1,0,69347,1,0,4,PLATINUM,239
705,Germany,Female,45,10,246012,2,1,1,12574,1,1,2,PLATINUM,737
369,France,Female,24,7,211568,2,1,0,97371,0,1,4,GOLD,895
460,Spain,Female,70,6,25226,3,1,1,143467,0,1,1,DIAMOND,428
376,Spain,Male,83,3,35135,4,1,1,23781,1,0,4,SILVER,554
481,Spain,Male,68,2,209850,4,1,1,28909,0,0,5,PLATINUM,222
450,France,Male,80,10,231196,3,0,0,57513,1,0,4,GOLD,787
594,Germany,Female,35,6,62088,4,1,1,155097,0,0,1,SILVER,607
744,France,Male,27,10,13285,3,1,1,57614,1,0,5,SILVER,421
783,Germany,Male,47,8,49753,2,0,0,123947,0,0,4,SILVER,884
601,France,Female,72,7,18581,2,1,1,91733,1,1,3,GOLD,848
538,Germany,Male,81,10,3733,3,0,1,154247,0,0,2,SILVER,571
721,Germany,Female,54,8,129813,4,0,1,96102,0,0,5,DIAMOND,726
500,France,Female,90,5,74823,2,0,0,195056,0,1,3,SILVER,407
465,France,Male,58,3,65659,2,1,1,107242,0,0,3,SILVER,890
511,France,Male,39,3,163140,4,0,1,68161,0,1,3,SILVER,352
370,Germany,Male,80,0,124875,4,0,1,137578,0,0,4,PLATINUM,576
723,Spain,Male,28,7,221981,2,0,1,180775,1,1,4,SILVER,950
358,Germany,Male,29,9,112795,1,0,1,14971,1,1,1,GOLD,549
695,Spain,Female,92,1,149832,1,1,0,55862,1,0,2,SILVER,743
492,Germany,Male,55,0,204057,2,1,1,124326,1,0,2,DIAMOND,179
681,France,Female,38,2,55876,2,1,1,53705,0,1,2,SILVER,570
690,France,Male,81,0,61653,4,0,1,165691,1,1,1,PLATINUM,961
396,Spain,Female,84,4,46854,4,1,1,94097,1,1,2,PLATINUM,198
677,Germany,Male,29,9,132866,3,0,0,174235,0,0,4,DIAMOND,639
599,Germany,Female,20,3,68981,1,0,1,39850,0,1,1,PLATINUM,563
371,Germany,Male,46,4,175348,3,1,0,10298,0,0,5,PLATINUM,569
722,Spain,Male,66,0,93654,2,0,1,91509,1,0,2,PLATINUM,878
510,Spain,Female,65,7,183242,3,0,1,142134,0,1,1,DIAMOND,796
642,France,Male,37,6,165080,1,1,0,146438,1,1,4,PLATINUM,595
774,Germany,Female,62,5,43842,4,1,0,198923,1,0,2,PLATINUM,615
350,Spain,Female,43,6,17210,3,1,1,159051,1,0,1,SILVER,158
718,Germany,Male,91,1,33976,3,1,0,37581,1,1,3,DIAMOND,735
528,Spain,Female,48,6,170865,2,1,0,7267,1,0,1,DIAMOND,525
799,Germany,Male,62,8,157405,4,0,0,131623,1,1,1,DIAMOND,529
787,France,Female,48,2,28486,2,1,1,19439,1,0,2,SILVER,811
702,Germany,Male,18,9,84029,2,0,1,12826,0,1,1,GOLD,907
536,Germany,Male,55,8,136459,3,1,0,164675,1,1,1,SILVER,948
706,France,Female,21,4,109101,4,1,0,153336,0,1,3,DIAMOND,234
779,France,Female,65,0,120544,1,0,0,162828,0,0,2,GOLD,558
713,Germany,Male,54,7,13190,2,1,1,97486,1,0,2,PLATINUM,397
844,Spain,Female,49,9,60121,3,1,1,105307,0,0,2,GOLD,347
705,Spain,Female,81,3,152978,3,1,0,47098,0,1,2,DIAMOND,570
767,France,Male,22,9,217842,4,1,0,140274,1,1,4,SILVER,637
682,France,Female,69,3,131680,3,0,0,68844,1,0,2,PLATINUM,645
850,Spain,Female,85,4,165987,3,1,0,118325,0,1,1,PLATINUM,983
770,Germany,Female,72,4,248983,1,1,0,163874,0,0,4,PLATINUM,972
467,France,Male,66,3,249463,3,1,0,36593,0,1,2,PLATINUM,975
526,Germany,Male,71,9,250117,4,0,0,64608,1,0,3,SILVER,414
456,France,Male,36,3,49693,2,1,0,173804,0,1,1,GOLD,1000
436,France,Male,22,10,236905,2,1,1,137542,1,0,5,DIAMOND,216
589,France,Male,90,4,58227,1,1,0,120838,1,1,3,GOLD,425
631,Spain,Female,30,2,65327,3,0,1,184568,1,1,2,GOLD,328
804,France,Male,67,0,24417,4,1,0,106354,0,1,5,DIAMOND,794
536,Germany,Male,88,8,83487,4,0,1,87447,1,1,5,PLATINUM,275
594,Spain,Female,80,10,182702,3,0,1,174925,1,1,2,PLATINUM,383
563,Spain,Female,72,3,53259,4,1,0,181774,0,1,2,PLATINUM,842
848,France,Male,77,3,102386,2,1,1,153257,0,1,4,SILVER,823
563,Germany,Female,21,2,119855,4,0,0,177465,1,1,4,PLATINUM,859
685,Spain,Male,44,1,138034,3,1,0,11056,1,0,2,DIAMOND,229
798,Spain,Female,52,8,205811,3,0,1,77701,1,1,1,PLATINUM,204
799,Spain,Female,75,10,182691,2,1,0,28427,1,0,3,SILVER,900
805,Spain,Male,77,8,2593,1,1,1,152216,0,0,2,GOLD,283
572,Spain,Female,46,2,190120,1,0,0,5442,1,1,4,DIAMOND,591
509,France,Male,65,5,40492,3,0,0,165591,1,0,1,PLATINUM,417
571,Spain,Male,78,0,137569,1,1,0,176585,1,1,3,PLATINUM,455
353,Spain,Male,55,3,98336,2,0,1,186023,0,0,3,DIAMOND,506
644,Spain,Female,82,7,161229,1,1,1,21525,1,0,2,GOLD,469
618,Spain,Female,53,10,197439,4,1,1,131559,1,1,1,GOLD,983
776,France,Female,51,3,151944,3,1,1,59726,0,1,1,DIAMOND,546
509,Germany,Male,53,7,96762,1,1,1,159710,1,0,4,SILVER,598
751,France,Male,22,9,234113,1,1,1,51616,0,1,4,GOLD,714
826,France,Male,68,6,73843,3,0,0,41299,0,1,5,GOLD,388
823,France,Male,28,8,118562,3,0,0,20900,0,1,3,SILVER,368
558,France,Female,79,6,222744,3,0,1,117990,0,1,3,DIAMOND,603
420,Germany,Female,55,8,134959,4,1,0,89179,0,0,5,PLATINUM,426
737,France,Male,77,5,102017,2,0,0,112394,0,0,4,PLATINUM,459
562,Germany,Male,32,7,86266,2,0,0,10925,1,0,1,PLATINUM,755
839,France,Female,52,3,74766,1,1,0,165617,0,0,3,SILVER,408
375,Spain,Male,26,6,197288,1,1,1,169777,0,0,4,DIAMOND,501
534,Germany,Male,65,2,132668,3,0,1,148562,1,1,1,DIAMOND,830
631,France,Female,48,2,81465,1,1,0,64616,0,1,3,DIAMOND,330
609,Spain,Female,31,7,174116,3,1,1,109596,0,1,1,PLATINUM,465
788,Spain,Male,92,9,227152,3,0,1,33140,0,1,5,PLATINUM,560
458,Germany,Female,24,8,15580,3,1,0,95489,0,1,1,SILVER,287
456,Spain,Female,48,9,96170,1,0,0,131925,1,0,5,PLATINUM,675
774,France,Female,22,2,234727,4,1,0,176646,0,1,4,DIAMOND,158
711,Spain,Female,50,3,57869,1,1,1,6326,0,1,1,PLATINUM,508
752,Spain,Male,53,10,52883,4,1,0,37210,0,1,5,PLATINUM,812
515,Spain,Male,36,10,133123,1,1,1,48438,0,1,4,SILVER,226
793,Spain,Female,90,3,219157,3,1,0,9658,1,1,2,DIAMOND,284
394,Spain,Male,26,8,82835,3,0,0,59805,1,1,1,PLATINUM,915
743,France,Female,72,6,62128,2,1,0,181196,1,0,4,DIAMOND,730
372,Germany,Male,75,9,166472,3,1,0,2349,1,1,2,SILVER,902
846,Spain,Male,92,8,228837,3,0,1,161994,1,1,1,PLATINUM,275
514,Germany,Female,51,5,195412,1,1,1,54308,0,0,5,SILVER,650
358,Spain,Female,85,9,82034,3,1,1,33777,1,1,2,DIAMOND,255
443,France,Female,28,6,125920,2,1,0,84696,0,0,4,DIAMOND,954
468,France,Female,89,2,14934,1,1,0,188018,1,1,3,PLATINUM,798
750,Germany,Male,86,3,6751,2,0,1,83090,0,0,5,PLATINUM,370
708,France,Male,48,7,16642,4,1,1,199768,1,0,3,SILVER,872
496,Germany,Male,78,7,169678,1,1,0,187516,0,1,1,DIAMOND,149
563,Germany,Male,19,7,9717,4,0,1,22351,1,1,1,GOLD,185
569,Germany,Male,64,3,138018,3,0,1,37724,1,1,4,PLATINUM,859
567,Germany,Male,20,1,47849,1,0,0,51247,1,1,5,PLATINUM,637
541,Germany,Female,78,0,69643,3,1,0,185524,0,0,4,PLATINUM,581
382,Spain,Female,39,0,227360,4,1,1,135585,1,0,2,DIAMOND,995
559,Spain,Female,54,9,61879,4,1,1,124420,0,0,1,PLATINUM,837
452,Germany,Male,72,9,94191,3,0,1,143939,0,1,1,SILVER,919
446,France,Female,53,0,54361,4,0,0,7717,0,1,5,DIAMOND,303
540,Germany,Female,37,4,160425,4,1,0,130270,0,1,3,DIAMOND,659
355,Germany,Female,51,8,198827,3,1,1,54878,1,0,5,GOLD,849
420,Germany,Male,45,5,144547,4,1,1,169868,0,0,4,GOLD,199
636,Spain,Male,63,9,247920,2,0,1,22975,1,0,2,PLATINUM,773
465,France,Male,58,3,207889,4,1,0,112638,1,0,2,PLATINUM,402
568,France,Female,24,0,159140,3,1,0,65959,0,0,2,DIAMOND,608
637,Spain,Female,72,10,111441,1,0,0,79913,0,1,2,SILVER,271
499,Germany,Female,73,7,25197,1,1,0,165558,0,0,2,GOLD,265
735,Spain,Male,61,2,92298,1,1,0,13987,0,0,2,PLATINUM,359
425,Germany,Female,88,4,53976,4,1,0,66653,0,0,2,DIAMOND,718
659,Spain,Male,69,7,66210,2,0,0,81654,1,1,5,PLATINUM,341
669,France,Male,82,7,46588,3,1,0,99198,0,1,3,SILVER,384
449,Germany,Female,90,10,74491,2,0,0,69273,1,1,2,PLATINUM,458
712,France,Male,61,2,162492,3,1,0,146673,0,0,1,DIAMOND,789
658,Spain,Male,22,3,5124,2,0,0,148543,1,1,2,PLATINUM,492
730,Spain,Female,86,9,50621,4,0,0,126581,1,0,5,GOLD,140
693,Germany,Female,59,0,141475,1,1,0,190962,1,0,2,DIAMOND,670
592,France,Male,77,3,237357,1,0,0,30691,1,1,4,PLATINUM,740
831,Germany,Male,85,3,238334,3,1,1,72725,0,1,2,PLATINUM,704
615,Germany,Female,48,0,238619,3,0,1,152729,1,1,1,PLATINUM,618
479,Germany,Male,70,7,176765,4,0,1,47072,0,1,1,SILVER,830
653,Spain,Female,29,2,203876,3,1,1,92330,1,0,3,DIAMOND,627
360,France,Male,85,2,121559,4,1,1,58135,1,0,4,GOLD,872
479,Spain,Male,54,2,67450,1,1,0,189074,1,1,1,PLATINUM,375
468,Spain,Male,87,1,184254,1,1,0,165493,1,1,1,PLATINUM,291
406,Germany,Female,61,6,181106,2,0,1,76959,0,0,4,PLATINUM,276
415,France,Male,35,10,147285,4,0,1,82523,0,0,4,GOLD,530
440,France,Female,30,5,48688,3,0,1,165450,1,1,2,GOLD,162
450,France,Male,44,9,144869,4,0,0,197191,1,0,2,PLATINUM,347
494,Germany,Female,31,3,92417,4,0,0,115548,1,1,5,GOLD,244
764,Spain,Male,67,9,93675,2,0,0,152847,0,1,4,GOLD,298
713,Spain,Female,65,2,23187,3,0,1,151946,0,1,3,SILVER,581
512,Germany,Male,41,8,89294,1,1,1,78651,1,1,2,PLATINUM,641
406,Spain,Male,92,9,37253,2,1,1,28878,0,1,4,DIAMOND,738
568,Spain,Male,89,7,198572,2,1,0,13185,1,1,3,SILVER,456
625,Germany,Female,20,3,202101,3,0,1,20668,0,1,1,DIAMOND,222
822,Germany,Female,39,6,17342,1,0,0,197219,1,0,3,GOLD,910
798,Spain,Female,21,10,67384,3,0,0,3417,1,1,3,GOLD,659
539,Spain,Male,61,4,193914,3,0,0,8173,1,0,4,GOLD,570
673,Germany,Female,22,4,81180,2,0,0,66542,0,1,2,GOLD,356
428,France,Female,45,4,134322,4,1,0,79872,1,1,4,SILVER,984
657,France,Male,86,0,240552,1,0,0,42437,0,1,2,GOLD,125
539,Spain,Male,60,8,146763,3,0,1,157882,1,0,4,SILVER,171
599,France,Female,52,3,41997,2,1,0,193314,1,1,2,DIAMOND,369
849,France,Female,39,4,683,1,1,1,170497,0,0,4,GOLD,350
820,Spain,Female,73,0,103232,2,0,1,2692,1,0,4,PLATINUM,372
558,Germany,Female,78,10,246661,4,1,1,144541,1,0,3,DIAMOND,914
665,Spain,Male,58,7,249699,2,1,1,169030,0,1,2,GOLD,234
608,Germany,Male,25,8,140988,3,0,0,31129,0,0,4,PLATINUM,844
702,Germany,Female,58,9,102873,2,1,0,92856,0,0,1,PLATINUM,610
778,France,Male,31,6,65871,2,0,1,41391,0,1,4,GOLD,832
469,Spain,Male,74,8,174712,1,0,0,130484,0,0,4,SILVER,391
695,France,Female,90,3,60140,4,0,0,15347,0,1,5,SILVER,434
710,Spain,Female,79,7,28727,4,1,1,127768,0,1,5,GOLD,632
657,Spain,Male,91,1,62223,2,1,1,102977,1,1,3,GOLD,948
687,Spain,Female,54,2,135350,4,0,1,84162,1,0,4,SILVER,994
392,Spain,Female,55,4,235258,4,0,1,198076,1,0,5,DIAMOND,769
777,Spain,Female,75,1,174717,4,0,1,50293,1,1,4,DIAMOND,527
383,Spain,Female,66,10,123667,3,0,1,51668,1,0,1,DIAMOND,400
614,Germany,Male,19,2,2273,2,0,1,128880,1,0,5,DIAMOND,145
530,Spain,Female,72,9,151131,4,1,0,162178,1,0,3,GOLD,779
433,France,Male,89,7,68356,4,1,1,161952,1,1,5,PLATINUM,901
625,France,Female,19,10,37748,3,1,0,115781,0,0,5,GOLD,794
372,France,Female,67,6,3967,3,1,0,118386,1,0,1,DIAMOND,385
627,Spain,Male,25,10,198061,2,0,0,97299,0,1,1,SILVER,264
474,France,Male,27,10,20406,2,1,1,184460,0,0,2,PLATINUM,718
798,Germany,Female,37,0,214335,2,0,0,3966,0,0,5,GOLD,282
383,Spain,Female,60,5,199365,4,1,1,182342,1,0,1,PLATINUM,516
755,Germany,Female,20,5,164969,1,1,1,117154,0,1,1,PLATINUM,136
636,Spain,Male,25,8,16018,2,1,0,32054,1,0,2,GOLD,736
800,Germany,Female,82,4,195414,4,1,0,131645,0,1,2,GOLD,596
447,France,Male,38,6,226277,1,1,0,149132,1,0,4,GOLD,641
676,Spain,Female,76,8,125137,3,0,1,186968,1,1,4,PLATINUM,849
674,Germany,Male,61,10,203534,3,1,1,64793,1,0,3,SILVER,314
380,France,Male,55,6,55698,2,0,0,91418,1,0,5,DIAMOND,894
657,Germany,Female,40,1,66855,1,1,0,60725,1,0,5,DIAMOND,723
682,Germany,Female,36,0,153168,4,0,1,90724,0,0,1,SILVER,567
768,France,Female,21,5,216446,3,0,1,155771,0,0,4,SILVER,923
572,France,Male,36,5,163965,1,0,0,139826,0,1,4,GOLD,432
589,France,Male,53,8,62771,4,0,0,59246,0,1,2,SILVER,790
415,Germany,Male,83,3,104896,2,0,1,167885,0,0,4,GOLD,860
573,Spain,Male,79,6,118848,2,1,0,146773,1,1,2,DIAMOND,242
579,Germany,Male,67,10,167470,2,0,0,149425,1,1,4,DIAMOND,319
620,Spain,Male,72,6,152482,1,1,0,137278,1,1,4,PLATINUM,342
377,France,Female,48,2,42813,2,1,1,184828,0,0,3,SILVER,522
638,Spain,Male,57,8,44342,2,0,1,178246,1,0,2,GOLD,846
599,Germany,Female,66,7,65541,3,1,0,5616,0,0,1,PLATINUM,983
794,Germany,Male,66,9,62352,3,0,0,156101,1,1,2,PLATINUM,684
375,Germany,Female,43,9,47514,4,0,0,131718,0,0,3,DIAMOND,843
439,France,Male,88,4,250871,4,1,0,138329,0,0,3,PLATINUM,323
804,Spain,Female,62,8,186604,2,0,1,6768,1,0,2,PLATINUM,864
516,France,Male,28,5,120996,4,0,0,36503,1,1,3,DIAMOND,729
741,Spain,Male,86,10,213987,4,0,1,176022,1,1,1,SILVER,143
524,Germany,Male,77,2,126037,2,1,0,124180,0,1,1,SILVER,295
594,France,Female,90,8,115423,1,1,0,15442,1,1,4,DIAMOND,306
588,Spain,Male,18,3,3488,3,0,0,172491,0,1,1,DIAMOND,595
567,Germany,Female,82,0,74400,1,1,1,41192,1,0,5,DIAMOND,173
450,France,Male,88,9,6553,1,0,0,110720,1,1,1,DIAMOND,232
836,Germany,Male,50,3,35765,3,1,0,194155,1,0,2,SILVER,897
682,Germany,Female,84,4,208166,2,1,1,35148,0,0,2,GOLD,169
841,Spain,Male,77,3,244534,1,1,1,35247,1,1,1,SILVER,983
387,Spain,Male,66,2,32579,1,1,0,173439,1,0,3,GOLD,473
614,Spain,Male,26,0,14396,4,0,1,197877,1,0,5,SILVER,926
435,Germany,Male,67,2,192686,1,1,1,198360,0,1,3,SILVER,816
832,Germany,Male,46,1,151399,4,0,1,39358,0,0,4,SILVER,400
575,France,Male,70,5,101106,2,1,0,91042,1,1,5,SILVER,960
482,Germany,Male,83,1,124286,1,0,0,57833,1,0,2,PLATINUM,715
378,Spain,Female,38,9,75626,1,1,0,49373,0,1,2,SILVER,619
508,Germany,Male,81,3,236995,3,0,0,166373,1,0,5,PLATINUM,560
835,Spain,Male,37,9,122876,2,1,0,115989,1,1,1,GOLD,668
797,France,Female,57,5,68538,4,0,0,80167,1,0,2,PLATINUM,215
357,Spain,Male,50,3,222050,1,1,0,77946,0,1,4,DIAMOND,781
364,Germany,Male,81,4,182890,1,1,1,13029,0,1,4,GOLD,307
796,Germany,Male,87,4,170464,2,0,0,171872,1,0,4,GOLD,997
424,Spain,Female,72,4,203697,2,0,1,127447,1,1,2,SILVER,643
534,Spain,Male,60,8,171326,2,1,0,2584,1,1,5,GOLD,822
456,France,Male,29,0,228471,3,0,0,6731,0,1,5,DIAMOND,310
724,France,Female,71,7,131075,4,0,0,36237,0,1,2,GOLD,611
658,Spain,Female,80,0,75029,2,0,1,32342,1,0,4,SILVER,811
765,France,Female,67,1,108901,4,0,0,43596,1,1,5,SILVER,559
474,Spain,Male,20,4,11340,3,1,1,44389,1,1,2,GOLD,126
588,France,Male,75,3,183667,1,1,0,114759,0,0,3,GOLD,947
699,Spain,Male,18,5,10892,3,0,0,196283,1,0,5,DIAMOND,171
764,France,Male,25,8,56010,2,1,0,143813,0,0,3,GOLD,883
374,France,Male,82,10,244815,2,1,1,56242,1,0,4,PLATINUM,411
350,Germany,Female,89,9,92099,2,1,1,9191,0,1,2,GOLD,946
471,Germany,Female,49,0,148743,4,0,0,63736,1,0,1,DIAMOND,602
708,France,Female,30,9,230725,3,0,0,152107,0,0,4,SILVER,229
814,France,Male,86,9,222573,1,1,0,23194,0,0,5,PLATINUM,698
680,Germany,Male,63,3,84323,2,1,1,56725,0,1,2,GOLD,366
637,Germany,Male,48,2,108456,1,0,0,47462,0,0,5,DIAMOND,606
449,France,Male,54,9,29975,4,0,1,115025,1,0,5,DIAMOND,208
390,France,Male,70,6,100907,4,0,0,112398,0,0,2,GOLD,478
549,France,Male,21,9,209984,3,1,0,130993,1,1,3,GOLD,714
367,Spain,Female,91,3,4038,2,1,1,157951,0,0,4,DIAMOND,294
670,Spain,Male,31,3,78884,1,1,0,80239,0,0,4,DIAMOND,131
692,Germany,Male,45,3,212648,3,1,0,69290,0,1,3,GOLD,647
707,France,Female,73,6,129144,4,1,1,41524,1,1,2,PLATINUM,715
784,France,Female,49,7,209935,1,0,0,121409,0,1,5,DIAMOND,618
697,Spain,Male,91,2,177373,3,1,1,5062,0,0,5,PLATINUM,899
399,Spain,Male,33,4,78851,3,1,0,65315,0,1,1,GOLD,430
717,France,Male,77,2,199339,4,1,1,55009,1,1,2,PLATINUM,406
586,France,Female,55,7,123332,1,0,0,190240,1,0,1,SILVER,706
564,France,Male,54,1,155024,3,1,1,187495,0,1,1,SILVER,995
466,France,Male,66,4,6181,2,1,0,61304,0,1,5,PLATINUM,660
694,Germany,Male,73,2,187212,4,1,1,144821,1,0,2,GOLD,939
610,Spain,Male,60,6,169508,4,1,1,195020,1,0,3,GOLD,192
674,Germany,Male,46,3,101278,4,1,1,134244,1,1,3,DIAMOND,954
731,Spain,Female,50,9,198938,2,0,0,188249,1,1,2,GOLD,835
845,Germany,Female,74,10,91199,3,0,0,148366,1,1,3,GOLD,547
511,Germany,Female,77,8,142068,4,1,1,168435,0,0,2,GOLD,240
521,Spain,Female,66,5,96316,4,1,0,78520,1,1,3,DIAMOND,134
572,France,Female,90,2,10597,2,0,0,152435,1,1,1,DIAMOND,740
628,France,Female,61,6,10817,1,0,1,108574,1,0,3,DIAMOND,355
659,France,Male,26,1,198239,4,0,0,116574,1,1,1,PLATINUM,737
820,France,Male,39,1,82895,2,1,1,184301,0,1,2,DIAMOND,586
730,Spain,Male,50,1,136984,4,1,0,40389,1,0,4,PLATINUM,330
407,Spain,Male,47,10,206803,2,1,0,174918,1,1,3,DIAMOND,381
526,Germany,Male,83,8,152375,4,1,0,185467,1,1,4,GOLD,286
725,Spain,Male,77,2,52150,1,0,1,63010,1,0,5,PLATINUM,253
813,Germany,Female,32,5,211695,2,0,0,139879,0,1,5,PLATINUM,863
545,Spain,Female,52,10,143237,3,1,1,143436,1,0,4,DIAMOND,296
448,France,Female,59,10,245918,4,0,0,44575,0,1,5,DIAMOND,788
424,France,Male,53,10,51153,2,0,0,62409,0,0,1,PLATINUM,917
617,France,Female,73,8,111168,4,0,1,16199,0,0,3,PLATINUM,221
557,Germany,Male,83,4,103344,3,1,1,143956,1,1,4,GOLD,697
581,France,Male,67,10,189225,1,0,0,106055,1,1,1,SILVER,160
471,Spain,Female,54,3,138464,1,1,0,5574,1,0,2,GOLD,939
625,Germany,Male,22,4,18019,2,1,0,72901,0,1,1,DIAMOND,457
825,France,Female,57,6,127070,4,0,0,114669,0,0,5,DIAMOND,706
767,Spain,Male,58,5,54926,4,0,1,128845,1,0,5,GOLD,978
494,Spain,Male,59,2,226980,4,0,1,20625,1,1,1,SILVER,817
374,Germany,Male,90,2,46499,2,0,0,135897,1,0,4,DIAMOND,216
440,France,Female,23,3,135084,3,0,0,178767,1,0,5,GOLD,210
772,Germany,Female,24,7,195832,4,0,0,90374,0,1,2,DIAMOND,889
626,Spain,Male,27,2,135807,2,0,0,21955,0,0,3,SILVER,467
690,Germany,Male,82,0,218874,1,0,1,24419,0,0,3,PLATINUM,899
418,France,Female,22,2,159141,1,0,0,88971,0,0,2,GOLD,846
659,France,Female,18,6,225960,4,0,1,129790,1,0,3,SILVER,793
740,France,Male,39,6,49123,2,1,0,33028,0,0,4,DIAMOND,474
380,Germany,Male,59,10,57605,2,0,0,122257,0,1,1,GOLD,381
555,Spain,Female,28,4,168611,1,0,1,183184,1,0,5,GOLD,753
618,Germany,Male,59,4,158190,1,1,1,175691,0,0,3,SILVER,178
684,Germany,Female,38,6,215028,2,1,1,193673,1,1,3,GOLD,148
358,Germany,Male,80,10,5146,1,1,0,85615,0,1,4,SILVER,671
417,Germany,Male,25,7,137050,2,1,0,194997,1,0,4,DIAMOND,467
350,Spain,Female,64,1,237893,1,1,1,32523,1,0,3,SILVER,976
697,France,Male,19,7,20808,4,1,1,91485,0,0,3,GOLD,166
791,Germany,Male,27,0,31885,1,0,1,30707,0,0,4,PLATINUM,201
810,France,Male,91,2,169005,4,0,0,149363,1,1,3,DIAMOND,977
402,Spain,Female,38,1,23616,1,0,0,188147,0,1,3,SILVER,761
840,Spain,Female,33,0,141091,2,1,0,136750,0,1,4,PLATINUM,179
713,Germany,Female,19,8,153995,2,1,0,52184,1,0,4,PLATINUM,697
382,Spain,Female,26,10,167086,3,1,1,21786,1,1,2,PLATINUM,352
398,Germany,Male,19,3,32234,4,1,1,152250,1,1,1,PLATINUM,639
717,Germany,Female,53,7,70939,4,1,1,88390,1,0,5,GOLD,598
655,Germany,Female,62,2,210449,4,1,0,38798,0,1,3,SILVER,825
491,France,Male,84,1,115157,2,1,1,149918,1,1,3,DIAMOND,983
478,Germany,Female,37,8,32604,2,0,1,43121,0,1,2,SILVER,710
755,France,Female,69,3,199685,2,0,1,130784,1,0,5,GOLD,921
515,Spain,Male,20,6,73652,2,0,1,85059,1,0,2,GOLD,671
526,France,Male,51,2,213090,2,1,0,69625,0,1,2,PLATINUM,289
522,Spain,Male,82,7,134392,1,0,1,97889,0,0,2,GOLD,869
600,France,Female,37,5,213018,3,0,0,54602,0,0,2,PLATINUM,216
492,Germany,Male,67,9,158086,3,1,0,40918,1,0,2,SILVER,414
397,Germany,Female,63,3,236128,4,0,1,121265,0,0,3,PLATINUM,313
481,Spain,Male,48,2,124841,4,1,1,71954,1,0,1,SILVER,383
683,Germany,Female,68,6,194411,4,1,1,29882,0,0,4,GOLD,790
569,France,Male,38,3,154883,4,1,1,110188,0,0,1,DIAMOND,806
786,Germany,Male,82,2,23106,2,1,0,160063,1,0,1,DIAMOND,475
414,Germany,Male,91,2,189073,1,1,1,99144,1,0,5,PLATINUM,204
421,France,Male,92,10,37989,2,1,0,176555,0,1,4,GOLD,699
790,Germany,Female,39,1,2641,4,0,0,194763,0,1,5,PLATINUM,572
565,Spain,Male,18,7,76514,1,1,1,136891,0,1,5,PLATINUM,980
450,Spain,Female,90,9,7603,1,1,0,90142,1,1,1,SILVER,174
522,Germany,Female,76,9,191672,3,0,1,109906,0,1,3,PLATINUM,656
486,Spain,Female,69,7,63975,1,1,1,134464,0,1,3,DIAMOND,534
468,Germany,Male,31,0,90429,1,0,0,104482,1,1,3,SILVER,210
786,Spain,Male,24,1,14329,3,1,1,49627,1,0,1,PLATINUM,985
490,Spain,Male,46,3,5887,2,1,0,125177,1,0,5,DIAMOND,158
780,Germany,Male,87,3,246388,2,0,1,71954,0,1,2,SILVER,406
756,Germany,Female,89,6,150674,1,1,0,177716,0,1,4,DIAMOND,996
813,France,Male,90,9,1954,1,1,1,28137,1,1,3,GOLD,605
667,Germany,Female,45,8,121799,4,1,0,195444,1,1,4,DIAMOND,405
635,France,Female,21,4,124870,1,0,0,192386,1,1,2,GOLD,707
812,Spain,Male,59,9,22354,4,1,1,163269,0,0,1,DIAMOND,432
715,France,Female,21,3,228556,2,1,1,150549,1,0,1,DIAMOND,434
666,Spain,Male,87,5,112064,4,0,1,167995,0,1,4,GOLD,489
756,France,Male,43,1,13008,1,1,0,116381,0,0,4,DIAMOND,457
586,France,Female,53,0,203875,4,0,0,23406,1,1,4,PLATINUM,166
445,France,Male,81,0,89173,2,0,1,175079,0,1,4,PLATINUM,362
842,Spain,Female,58,4,90219,3,0,0,73027,1,0,5,GOLD,483
596,Germany,Male,87,0,23135,4,1,0,119123,1,0,2,DIAMOND,136
380,Spain,Male,79,3,84812,2,0,1,78014,0,1,1,DIAMOND,414
772,Germany,Female,38,0,14249,1,1,0,77847,1,0,5,GOLD,636
768,France,Male,21,4,40583,3,1,0,91222,0,0,4,SILVER,611
447,France,Female,19,1,139849,1,1,1,45511,1,1,2,SILVER,145
737,Germany,Male,78,7,221591,4,1,1,63796,0,0,1,GOLD,360
790,Spain,Male,81,1,212677,4,0,1,71290,1,0,2,DIAMOND,903
633,Spain,Male,33,7,228458,1,0,0,22045,0,1,4,GOLD,962
780,Spain,Female,82,4,155958,3,0,0,92272,1,1,5,SILVER,676
816,Spain,Female,29,0,91986,2,1,1,147427,0,0,5,SILVER,163
789,France,Female,26,7,206520,4,0,0,148245,0,0,3,PLATINUM,641
476,Spain,Female,27,0,87863,3,1,0,164371,0,0,3,SILVER,988
403,France,Male,89,10,34828,1,1,0,172519,1,0,4,SILVER,678
565,Germany,Female,58,9,15719,4,0,1,124783,0,0,2,GOLD,527
612,Germany,Male,62,6,123765,2,1,1,95252,0,1,2,SILVER,303
426,France,Female,72,5,141259,4,1,1,130877,1,1,2,SILVER,997
698,Germany,Male,81,2,57234,3,1,1,189078,0,1,2,SILVER,776
430,France,Male,34,0,137248,2,0,1,41186,0,0,3,SILVER,680
459,France,Male,28,0,233883,3,1,1,20151,0,1,2,GOLD,640
573,France,Female,36,8,220794,4,0,0,189235,1,1,1,DIAMOND,958
795,Spain,Male,50,9,52341,2,1,0,94551,0,1,2,SILVER,931
515,Spain,Male,65,8,86665,2,0,0,139538,0,0,2,DIAMOND,119
810,Germany,Female,51,9,168725,3,0,0,126632,1,0,3,GOLD,578
772,Spain,Female,20,7,250249,1,1,0,85760,1,1,3,DIAMOND,191
646,Germany,Male,48,0,10473,2,1,1,130083,0,0,5,GOLD,785
567,France,Female,19,3,169614,4,0,1,20229,0,0,1,SILVER,161
454,Germany,Female,21,1,250322,1,1,0,51918,1,1,1,DIAMOND,245
357,Germany,Male,46,2,222734,3,0,0,115655,1,0,1,PLATINUM,540
488,France,Male,51,6,84155,4,1,0,98268,0,1,3,GOLD,947
617,France,Female,47,9,215357,3,1,1,11600,0,0,4,SILVER,915
530,France,Female,19,5,10288,2,0,1,79320,0,0,3,SILVER,691
619,France,Female,83,4,154845,2,0,1,26202,0,1,1,DIAMOND,282
531,Spain,Male,22,2,107830,3,1,1,89061,0,1,4,SILVER,754
837,France,Female,67,2,34270,3,0,0,29377,1,0,1,SILVER,709
490,Spain,Male,46,2,72646,4,0,0,197524,1,0,2,PLATINUM,370
810,Spain,Male,40,0,113636,3,1,0,194280,1,0,3,GOLD,519
809,Germany,Female,27,1,171075,3,1,0,25544,0,0,2,SILVER,850
473,Spain,Female,49,2,244209,3,1,1,112943,0,1,5,GOLD,722
790,France,Male,43,3,90012,4,0,0,27162,1,0,1,SILVER,175
714,Germany,Male,87,7,159212,2,0,1,137872,1,1,5,PLATINUM,796
483,Spain,Female,45,3,147907,1,1,1,10900,1,0,2,GOLD,157
362,Spain,Female,62,3,139569,4,0,0,43606,1,0,5,SILVER,313
394,France,Male,43,6,68911,4,0,1,150519,0,0,5,DIAMOND,969
377,Germany,Male,48,3,138039,2,1,1,102287,1,1,2,PLATINUM,986
736,Germany,Male,18,2,53446,2,0,0,136177,0,0,3,GOLD,809
790,Spain,Female,48,3,197402,1,0,1,94561,0,1,4,DIAMOND,804
416,France,Female,52,2,174449,1,0,0,41727,1,1,1,PLATINUM,822
847,Spain,Male,87,5,246672,3,0,1,65329,0,0,1,PLATINUM,699
791,France,Female,61,1,233774,4,1,1,84747,0,1,5,SILVER,671
522,Spain,Female,32,5,69155,3,0,1,16274,1,1,4,GOLD,414
470,Spain,Female,42,7,34559,4,1,1,113977,1,1,5,PLATINUM,327
415,Spain,Male,31,8,71753,4,1,1,74722,0,1,1,SILVER,169
732,Spain,Male,83,3,149258,3,0,1,132559,0,0,4,PLATINUM,826
634,Spain,Female,82,0,19075,4,1,0,100018,0,0,5,DIAMOND,781
773,Spain,Male,50,6,117261,2,0,0,37675,0,0,2,SILVER,177
455,Spain,Male,30,5,139664,4,1,1,193217,1,0,4,GOLD,337
663,France,Male,60,1,140097,4,1,0,166802,1,0,2,PLATINUM,805
554,Spain,Male,31,7,173581,1,0,1,82290,1,1,5,SILVER,324
800,France,Male,59,7,245819,4,1,1,95151,1,0,2,PLATINUM,233
653,Spain,Male,78,1,52582,1,0,0,140886,0,1,3,DIAMOND,840
391,Spain,Male,24,3,23070,4,1,0,63225,1,0,2,DIAMOND,222
486,Germany,Male,61,10,34365,2,1,0,62917,1,0,5,PLATINUM,975
374,Spain,Female,39,5,25548,1,1,0,94523,0,1,3,SILVER,857
480,Spain,Female,47,4,19790,1,0,1,95978,1,0,3,GOLD,383
766,Spain,Female,19,1,168483,4,0,1,139100,1,1,5,DIAMOND,412
621,Spain,Female,82,5,116113,1,1,1,127804,1,0,4,DIAMOND,199
503,Spain,Female,92,0,97725,1,0,1,82439,0,0,2,PLATINUM,852
398,Germany,Male,71,10,222539,1,1,1,83689,1,1,2,PLATINUM,846
518,Spain,Female,48,7,46645,2,1,0,105592,1,1,2,DIAMOND,363
585,Germany,Female,49,10,206816,4,0,1,162999,1,0,3,PLATINUM,359
766,Germany,Male,74,6,92909,1,1,0,6963,0,0,2,DIAMOND,892
654,Spain,Female,24,3,95350,2,1,0,43451,1,0,4,GOLD,975
810,Germany,Female,70,8,89572,2,0,1,5230,1,0,3,SILVER,738
497,Spain,Male,38,7,246480,3,1,1,5836,1,0,2,PLATINUM,225
709,Germany,Male,89,6,222886,2,0,0,2698,1,0,4,SILVER,247
738,France,Female,76,6,90894,4,1,0,159663,0,0,4,DIAMOND,209
420,France,Male,71,6,98987,2,1,0,153246,0,0,5,DIAMOND,140
540,Germany,Male,43,7,156477,3,1,1,18795,0,1,3,PLATINUM,684
727,Spain,Female,61,10,3113,4,1,1,63257,0,1,1,DIAMOND,919
844,France,Female,32,2,153094,2,0,1,66720,0,0,4,GOLD,335
614,France,Male,36,1,88148,4,1,0,193739,1,0,5,PLATINUM,829
734,Germany,Female,92,5,245824,4,1,0,36145,1,0,2,GOLD,125
466,France,Male,21,1,85948,3,0,1,164151,1,0,5,GOLD,124
709,France,Female,42,5,142093,4,1,0,3747,1,1,3,DIAMOND,887
690,France,Female,60,8,32737,1,0,0,143203,1,1,2,GOLD,208
832,Spain,Female,37,10,47281,2,0,0,107812,0,1,3,PLATINUM,141
512,France,Male,72,2,244933,1,0,0,154425,1,1,2,GOLD,570
508,France,Male,82,3,215922,3,0,1,98741,1,0,3,GOLD,634
373,France,Female,64,9,236157,1,0,1,177411,0,0,2,GOLD,276
821,Germany,Male,70,4,139921,2,0,1,174688,1,1,3,SILVER,450
430,Germany,Female,40,7,246561,2,0,0,145497,1,0,5,SILVER,759
604,France,Female,71,2,151628,4,1,1,38200,0,0,5,GOLD,566
388,France,Male,52,5,207836,2,0,1,118855,0,0,4,DIAMOND,912
637,France,Female,66,10,241606,4,1,0,156673,1,1,1,PLATINUM,276
548,Spain,Female,45,2,80577,1,1,1,158642,0,0,4,DIAMOND,140
531,Germany,Male,87,2,38584,1,1,1,165621,0,1,2,PLATINUM,707
501,Germany,Female,85,3,171132,1,1,0,102928,0,0,5,PLATINUM,463
797,France,Male,39,0,8026,2,1,0,67972,0,0,5,SILVER,420
703,Spain,Male,71,3,222603,4,1,1,43501,1,1,5,GOLD,401
469,France,Female,84,0,6446,4,0,1,114313,1,1,4,DIAMOND,179
481,Spain,Female,24,4,94184,1,0,0,96057,1,0,3,GOLD,769
397,France,Female,67,2,110408,4,1,1,55202,0,0,1,GOLD,464
651,France,Male,89,2,236193,2,0,0,126438,1,0,5,PLATINUM,555
753,Spain,Female,83,8,91557,3,1,1,176560,1,1,4,DIAMOND,870
737,France,Female,29,1,162747,1,0,0,36005,0,1,5,GOLD,693
399,Spain,Male,39,7,25190,3,0,0,111776,0,0,1,SILVER,561
565,Germany,Female,69,4,72863,4,1,1,129032,0,0,4,SILVER,405
460,Spain,Female,37,6,222475,3,1,0,124319,0,1,1,SILVER,350
595,Germany,Female,58,2,128312,4,1,0,164494,0,1,3,PLATINUM,321
404,Germany,Male,73,5,35765,4,0,0,169681,0,1,2,PLATINUM,535
753,Spain,Female,47,8,9316,2,0,1,59953,1,0,5,GOLD,710
590,Spain,Female,83,8,240515,2,0,1,145136,0,0,1,GOLD,155
465,Spain,Male,29,9,134727,2,1,0,45614,0,0,3,SILVER,230
720,Germany,Male,31,9,25754,2,0,0,197972,1,0,5,PLATINUM,437
451,Germany,Male,56,8,68335,3,1,1,91000,1,0,4,GOLD,132
373,France,Male,79,8,141957,2,0,0,136355,1,1,3,GOLD,293
425,Germany,Male,69,5,45189,3,1,0,84991,1,0,1,PLATINUM,180
652,Germany,Female,48,3,94216,3,1,0,89595,1,0,5,PLATINUM,952
595,Germany,Male,39,0,62623,4,1,0,75602,1,1,5,GOLD,743
403,Spain,Male,86,6,110251,1,0,0,177752,1,0,5,SILVER,323
377,Spain,Female,64,1,22011,3,1,0,59831,1,1,4,PLATINUM,553
435,Spain,Female,48,2,222907,1,1,1,133802,1,0,3,SILVER,124
362,Germany,Male,30,2,102439,1,0,1,30098,0,1,5,SILVER,166
418,France,Female,91,3,79812,1,0,1,2235,0,0,3,SILVER,379
504,France,Male,51,0,161305,3,1,1,134334,1,0,3,DIAMOND,268
368,Spain,Female,54,4,204929,1,1,1,148859,0,1,3,PLATINUM,741
550,Germany,Female,20,5,147281,1,0,0,63654,1,1,4,SILVER,688
441,France,Male,35,3,6351,3,1,0,29266,1,0,5,SILVER,322
532,Germany,Male,78,4,23795,3,1,1,96817,0,1,2,SILVER,760
843,Spain,Male,81,4,140120,1,1,1,37925,0,0,5,SILVER,369
467,Germany,Male,49,10,26739,1,0,1,136951,1,1,1,DIAMOND,258
662,Spain,Male,32,2,64524,1,0,1,19709,1,0,5,GOLD,519
804,Germany,Female,29,6,123703,4,1,1,101791,0,0,5,GOLD,329
510,France,Male,31,0,160211,4,0,1,160201,0,0,5,SILVER,245
466,France,Female,57,1,81051,2,0,1,113496,1,0,3,DIAMOND,137
383,France,Female,45,2,174120,4,1,0,62665,0,1,5,SILVER,730
409,Germany,Female,42,1,4987,2,0,0,31450,1,1,3,SILVER,302
487,France,Female,28,1,59840,4,0,1,23444,0,1,1,GOLD,341
486,France,Female,40,7,5105,3,1,0,9534,0,1,4,DIAMOND,565
580,Spain,Male,40,10,184306,1,0,0,150361,1,0,1,DIAMOND,884
783,Spain,Male,37,0,33299,2,0,0,130720,0,0,3,SILVER,761
521,France,Male,67,4,122428,4,1,0,149666,0,1,4,DIAMOND,853
544,Spain,Male,86,7,33838,4,1,0,49679,1,0,2,GOLD,380
602,France,Female,70,10,191443,4,1,0,176461,0,0,3,SILVER,976
477,Germany,Female,39,10,8250,3,1,0,39423,0,1,2,SILVER,924
837,Spain,Male,58,0,247431,3,0,0,61755,1,0,2,GOLD,843
354,Spain,Female,40,8,128211,2,1,0,76853,1,1,4,PLATINUM,833
806,France,Female,69,5,191837,1,0,1,178254,1,1,5,SILVER,119
794,Germany,Male,55,2,144785,1,1,0,3275,1,0,1,PLATINUM,445
689,Germany,Male,91,0,201095,4,0,0,7874,0,1,2,SILVER,282
634,France,Female,75,2,25151,4,1,1,134273,0,1,2,SILVER,657
364,France,Female,53,4,132216,1,0,0,23814,1,0,5,DIAMOND,537
594,France,Female,25,0,83181,1,0,1,130512,1,1,5,SILVER,582
770,Spain,Female,27,7,143405,2,1,0,117506,1,1,4,PLATINUM,572
788,Germany,Female,76,7,248190,1,0,1,62648,0,1,4,SILVER,559
445,France,Male,60,0,197305,1,1,1,25521,0,1,2,DIAMOND,989
742,Germany,Male,37,6,151081,2,1,0,95786,0,1,1,GOLD,522
809,France,Female,19,9,215097,2,0,1,130606,0,1,2,GOLD,165
586,Germany,Male,60,3,169360,2,0,0,11745,0,0,1,SILVER,330
553,France,Male,88,3,136797,2,1,0,165023,1,0,1,GOLD,151
590,France,Female,40,9,140391,2,1,0,75375,1,0,2,PLATINUM,790
525,France,Female,75,6,217373,4,1,1,182330,0,0,4,SILVER,829
598,France,Male,32,1,216152,4,1,1,36912,1,1,4,DIAMOND,273
749,Spain,Female,83,1,111255,2,0,1,175839,1,0,3,PLATINUM,748
369,Spain,Female,51,9,240339,1,1,1,124692,0,0,5,DIAMOND,255
657,Germany,Female,51,5,179460,2,0,1,161410,1,0,4,SILVER,647
843,France,Female,64,4,15742,1,0,1,160409,0,0,4,SILVER,482
672,Spain,Male,50,9,108043,4,0,0,145676,0,1,4,SILVER,760
678,France,Male,73,10,80517,2,1,1,125323,0,0,4,SILVER,797
797,France,Male,86,8,71560,3,0,1,145646,1,0,2,SILVER,657
576,France,Male,88,7,4716,1,1,1,178320,0,0,4,SILVER,521
558,France,Female,52,7,191725,3,0,1,142826,1,1,3,PLATINUM,473
405,France,Female,62,1,186238,2,1,1,58542,1,0,2,PLATINUM,168
708,France,Male,57,7,207493,4,0,1,108762,0,0,5,GOLD,425
753,Germany,Female,71,6,169379,1,1,1,125853,1,0,5,SILVER,561
377,France,Female,82,1,213458,1,0,1,115652,1,0,5,DIAMOND,259
780,France,Female,38,1,243649,3,0,1,46062,0,0,3,SILVER,453
681,Germany,Female,46,0,207046,3,1,1,102627,0,1,2,SILVER,577
801,Germany,Female,52,9,69691,3,1,0,135692,1,1,2,SILVER,530
499,Germany,Female,87,9,212,3,1,0,99954,1,1,4,PLATINUM,674
432,France,Male,50,2,17921,4,1,1,23544,0,1,5,SILVER,900
634,Spain,Female,67,5,32572,3,0,1,57021,0,0,4,PLATINUM,625
404,France,Female,25,3,171646,2,1,0,155516,1,1,4,DIAMOND,826
490,Germany,Male,92,7,128061,4,1,1,67106,1,0,1,SILVER,566
604,Spain,Female,43,1,164646,4,0,0,78133,0,0,1,DIAMOND,818
397,Spain,Male,18,2,143347,3,0,0,27198,0,1,4,GOLD,215
561,Germany,Male,23,7,9108,1,0,0,63760,1,1,2,PLATINUM,134
446,France,Female,56,3,203507,2,0,1,23061,1,1,1,DIAMOND,120
764,Spain,Female,63,4,45423,2,0,1,11362,1,1,1,PLATINUM,809
635,Spain,Female,27,0,204767,1,1,0,118004,1,0,1,PLATINUM,434
655,Spain,Female,25,5,241888,1,0,1,48436,1,0,1,PLATINUM,631
463,Spain,Male,72,7,170373,1,0,0,48983,1,1,2,SILVER,549
771,Germany,Male,28,3,105404,4,0,1,49453,0,1,4,PLATINUM,935
473,Germany,Male,60,2,82335,2,1,0,156934,0,1,5,GOLD,450
545,Germany,Female,75,1,66524,4,0,1,123015,1,0,1,SILVER,540
366,France,Female,23,6,1381,1,0,0,17634,0,0,4,DIAMOND,899
682,Germany,Male,84,9,241899,4,1,1,17628,1,1,5,PLATINUM,486
625,Spain,Male,23,7,180922,4,0,1,24653,0,0,2,PLATINUM,261
535,Spain,Male,51,9,51452,4,0,1,137010,1,1,1,GOLD,875
829,Spain,Female,68,1,183220,2,1,1,176890,1,0,2,DIAMOND,983
561,Germany,Male,74,5,247917,1,0,0,117929,1,1,3,GOLD,647
355,Germany,Male,61,9,197727,3,1,1,42350,1,1,1,GOLD,125
793,France,Female,81,1,198068,2,0,1,141437,1,1,1,PLATINUM,858
555,Spain,Female,53,7,62351,2,1,0,173021,0,1,1,SILVER,391
384,Germany,Female,18,2,100993,1,1,1,11230,1,1,3,GOLD,766
510,Spain,Male,28,2,80587,3,1,1,101022,1,1,3,GOLD,391
580,Spain,Female,54,5,111630,3,1,0,61417,0,0,5,SILVER,201
492,Spain,Male,32,3,109741,1,0,0,106650,1,1,2,GOLD,646
366,France,Female,26,6,31263,1,0,1,76684,0,1,3,SILVER,138
416,Spain,Male,53,1,215473,4,0,1,81053,1,0,1,PLATINUM,314
466,Germany,Male,20,8,205204,3,0,0,195244,0,0,3,SILVER,127
737,Germany,Female,29,6,16696,4,0,0,40344,1,1,5,GOLD,128
545,Germany,Male,75,7,233574,1,0,0,29186,0,0,2,PLATINUM,202
394,Spain,Male,76,3,98511,3,0,1,174278,0,0,4,SILVER,873
841,Germany,Female,79,10,176135,4,1,1,111974,1,0,1,PLATINUM,664
558,France,Female,19,9,63014,1,1,0,16620,0,1,3,GOLD,973
745,Germany,Male,20,10,186393,3,1,0,83674,0,1,1,GOLD,435
500,France,Female,62,4,160028,2,1,0,130501,0,0,2,SILVER,814
653,Germany,Male,24,7,220884,3,0,1,148541,0,1,4,GOLD,969
429,France,Male,74,0,12112,3,0,1,56037,1,0,2,SILVER,974
378,Germany,Male,82,9,214360,2,1,0,110642,0,0,4,GOLD,170
580,France,Male,90,7,114078,3,1,0,114086,1,1,3,DIAMOND,313
514,Spain,Male,58,5,172242,2,0,0,186204,1,0,5,DIAMOND,288
813,Germany,Male,65,4,158416,2,1,1,166886,1,1,4,GOLD,284
602,Germany,Male,79,7,185828,3,0,1,103068,1,1,4,SILVER,278
559,France,Male,69,1,37925,1,1,1,61979,1,0,4,GOLD,400
468,France,Female,34,4,283,1,0,0,138155,0,0,2,GOLD,682
552,Germany,Male,74,8,94166,4,1,1,125964,1,0,5,DIAMOND,188
586,Germany,Female,66,8,37435,3,1,0,45486,1,1,5,DIAMOND,602
641,France,Male,42,0,144180,3,0,0,20087,1,0,1,SILVER,629
768,Germany,Female,53,0,185714,4,1,0,38253,1,1,1,SILVER,160
730,France,Male,44,10,79920,4,0,1,139661,0,1,5,SILVER,504
567,Spain,Female,37,3,122019,4,1,1,176811,0,0,3,PLATINUM,585
456,France,Male,61,8,195724,4,1,0,107273,0,1,1,PLATINUM,673
833,France,Male,92,2,33517,3,1,0,155558,0,1,2,DIAMOND,894
779,Spain,Female,66,2,572,4,1,0,154496,1,0,2,GOLD,342
745,Germany,Female,85,1,139792,2,0,1,160788,0,0,5,GOLD,642
590,Spain,Male,36,9,217978,3,0,0,170027,1,1,4,GOLD,783
643,France,Male,24,2,183172,4,0,1,74944,1,1,1,DIAMOND,919
731,France,Female,47,9,51889,2,1,0,169571,0,1,5,DIAMOND,790
779,Germany,Male,57,8,12805,2,0,0,182703,0,0,3,GOLD,979
779,Spain,Male,74,5,90505,1,0,0,2960,1,1,5,SILVER,623
550,Germany,Male,24,0,250107,2,1,0,107561,0,1,2,DIAMOND,327
799,Germany,Female,47,10,106683,1,1,0,32540,1,0,4,PLATINUM,452
561,Spain,Female,36,3,2698,2,0,0,123207,1,1,2,DIAMOND,633
440,Spain,Female,44,8,211513,4,0,1,106778,0,0,5,GOLD,223
452,France,Female,27,2,137110,3,0,1,54503,1,0,2,SILVER,484
582,France,Female,45,1,221642,4,0,1,66663,1,0,4,DIAMOND,672
707,France,Male,45,10,100125,2,0,1,192345,1,0,3,SILVER,227
416,France,Female,78,5,133781,2,1,0,3992,0,1,5,PLATINUM,806
756,Spain,Male,72,3,45338,2,1,1,123977,0,0,2,GOLD,713
849,Germany,Female,49,0,217062,4,1,0,3368,0,1,1,GOLD,328
721,France,Male,44,1,107544,2,1,0,140192,1,1,4,GOLD,238
468,Spain,Male,40,2,135326,3,1,1,134638,0,1,5,SILVER,630
620,France,Female,46,2,22618,3,0,1,55780,0,0,4,GOLD,345
701,Germany,Male,92,0,62785,1,1,1,133923,0,1,1,GOLD,142
826,Germany,Male,47,6,215072,3,0,0,78178,1,0,3,SILVER,628
697,France,Male,59,9,94525,1,0,1,52148,1,0,3,PLATINUM,524
655,Germany,Female,40,4,11785,4,0,1,84812,0,0,4,SILVER,920
692,France,Female,35,7,49128,4,0,0,138493,0,0,4,SILVER,646
422,France,Female,33,4,231657,2,1,1,112325,1,1,4,SILVER,388
695,Germany,Male,53,0,98830,4,1,0,163749,0,0,5,PLATINUM,636
366,Spain,Male,84,6,37800,2,0,0,17727,1,1,2,DIAMOND,932
419,Germany,Male,62,4,28189,4,0,1,43462,1,0,4,GOLD,185
515,Spain,Female,87,4,196559,2,0,0,44801,0,0,4,PLATINUM,178
661,Spain,Male,53,7,220190,2,1,0,125384,0,0,4,PLATINUM,677
743,Germany,Male,51,9,77682,3,1,1,95191,1,1,5,PLATINUM,999
813,France,Male,23,8,204253,3,0,1,196494,0,0,1,PLATINUM,142
795,France,Male,19,0,228531,2,1,1,153108,0,1,5,PLATINUM,244
630,France,Male,23,0,5070,3,0,0,65998,1,0,3,PLATINUM,912
535,Spain,Female,75,0,219104,4,1,1,79931,0,0,4,SILVER,608
832,France,Male,22,0,57500,3,1,0,199742,0,0,4,PLATINUM,298
514,Germany,Male,35,5,98388,4,0,1,34278,1,0,4,PLATINUM,804
767,Germany,Female,85,10,246198,3,1,1,92732,1,0,4,PLATINUM,612
451,Germany,Female,63,0,63238,3,1,0,102607,1,0,1,GOLD,195
397,Germany,Male,33,10,244243,2,0,1,85729,0,0,5,SILVER,993
760,Spain,Female,67,1,42369,4,1,1,127024,1,1,4,SILVER,950
849,France,Male,83,2,241894,1,0,1,14736,1,0,1,PLATINUM,356
693,Spain,Male,31,6,25822,3,1,0,111842,1,0,4,SILVER,581
432,Spain,Male,23,3,99952,3,0,1,28967,0,0,5,SILVER,864
614,France,Male,90,9,218745,4,1,0,15919,0,1,3,PLATINUM,341
466,Spain,Male,25,2,176177,2,0,0,71658,1,1,2,DIAMOND,441
808,Germany,Male,66,1,7739,2,1,1,33563,1,1,1,SILVER,165
798,France,Male,41,2,150380,1,0,1,175696,1,1,1,DIAMOND,384
727,Germany,Male,78,0,107471,4,1,0,191686,0,1,4,GOLD,294
721,Germany,Female,80,2,189194,4,0,0,135464,1,0,4,GOLD,270
449,Spain,Male,68,10,226338,4,1,1,164505,1,0,1,SILVER,302
549,France,Male,20,1,17491,4,1,0,92549,0,0,3,SILVER,201
769,France,Female,64,9,108186,4,0,1,3930,0,1,1,SILVER,984
741,France,Male,25,5,27007,2,0,1,184360,1,1,3,DIAMOND,663
684,Spain,Male,34,9,83465,4,1,1,51838,0,0,4,PLATINUM,362
442,Spain,Male,53,0,1541,1,0,1,183403,0,0,2,DIAMOND,228
805,France,Female,62,4,35503,2,0,0,50358,0,1,4,SILVER,269
500,Spain,Female,56,4,244181,4,0,0,166696,0,0,3,DIAMOND,570
561,Germany,Male,48,6,15617,4,0,0,52782,0,1,2,DIAMOND,572
530,Germany,Male,58,0,109088,4,0,1,92828,1,1,5,GOLD,563
412,France,Male,31,10,1516,3,0,0,149648,0,0,2,PLATINUM,431
732,Germany,Male,40,8,112509,4,1,1,97923,1,1,4,PLATINUM,256
717,France,Male,63,1,123406,2,1,0,39352,0,1,2,GOLD,140
693,Germany,Female,90,0,163459,2,1,1,197051,0,0,1,SILVER,520
527,Spain,Male,33,1,222973,4,1,0,3411,0,0,2,SILVER,482
455,Spain,Female,60,1,221321,2,1,0,177324,1,1,5,PLATINUM,230
689,Germany,Male,42,4,170550,4,1,1,127609,0,0,5,PLATINUM,732
500,France,Female,22,5,250368,4,1,0,195434,0,1,4,DIAMOND,747
788,France,Male,27,4,216537,3,0,1,116184,1,0,5,SILVER,739
585,Spain,Male,92,0,111786,1,1,1,121511,0,1,2,GOLD,525
747,France,Female,87,1,241350,1,1,0,66687,1,1,3,SILVER,798
490,Spain,Female,44,5,243246,4,0,1,143691,0,1,2,PLATINUM,843
482,France,Female,66,7,7033,4,0,0,44190,0,1,3,GOLD,853
776,Spain,Female,24,1,199927,2,0,0,36177,1,1,4,GOLD,404
776,Spain,Male,22,2,212161,1,1,1,173814,0,0,3,PLATINUM,756
590,Spain,Female,84,4,204010,4,0,0,75057,0,1,2,GOLD,623
773,Germany,Female,59,2,34414,2,1,0,117790,0,0,2,SILVER,814
473,Germany,Female,52,7,214010,2,0,1,86978,0,1,2,PLATINUM,512
617,Spain,Female,43,5,11614,3,1,1,172955,1,0,3,GOLD,153
816,Germany,Female,41,4,221312,2,1,0,65962,0,1,1,GOLD,822
512,Germany,Female,24,8,59888,4,0,1,29668,0,0,4,DIAMOND,252
396,Germany,Male,81,9,133078,3,0,0,72606,1,0,5,GOLD,759
807,France,Female,40,3,217053,4,1,1,64946,1,0,5,SILVER,162
514,Germany,Female,91,1,42624,2,0,1,12785,0,0,1,SILVER,748
467,Germany,Female,42,3,95512,1,0,0,144327,0,1,2,DIAMOND,996
535,Germany,Male,39,0,55737,1,1,0,58985,0,0,1,PLATINUM,500
746,Spain,Male,83,4,122261,1,1,1,29346,1,0,4,DIAMOND,936
454,Germany,Female,88,10,48328,1,0,0,144369,1,1,4,DIAMOND,680
636,Spain,Female,87,2,56623,4,0,1,172994,0,0,4,GOLD,950
727,Germany,Male,92,6,170051,3,0,0,157817,0,1,4,DIAMOND,703
789,France,Female,18,0,237819,2,1,0,32572,1,1,1,PLATINUM,174
456,Germany,Male,67,3,160630,3,0,1,193545,0,0,2,GOLD,688
805,France,Male,30,1,191383,2,1,1,67793,1,1,3,PLATINUM,395
600,Germany,Female,67,4,177642,4,1,0,102977,1,0,2,SILVER,235
743,Spain,Female,56,8,205448,1,1,1,5187,0,0,1,GOLD,308
521,Germany,Male,37,3,152988,1,0,0,29078,0,1,4,SILVER,373
834,France,Male,50,8,241363,1,0,1,41854,0,1,3,PLATINUM,419
365,France,Female,54,3,208392,3,1,0,53688,1,1,3,SILVER,762
638,Germany,Male,73,10,195387,4,1,1,138540,1,1,5,PLATINUM,403
385,France,Female,85,8,207833,1,1,1,112509,0,0,2,SILVER,824
588,France,Female,24,3,221490,1,1,1,155728,0,0,3,PLATINUM,931
566,France,Male,19,4,167520,3,0,1,133292,1,1,2,SILVER,937
445,France,Female,66,6,176314,3,0,1,18129,1,0,2,SILVER,467
373,France,Male,19,9,140544,2,1,1,87352,1,0,4,DIAMOND,406
703,Germany,Female,55,3,103590,3,0,1,127072,1,1,5,SILVER,748
479,Germany,Female,55,8,144518,2,0,1,66922,0,0,5,PLATINUM,692
485,Spain,Male,87,0,174885,4,1,1,182334,1,0,2,PLATINUM,670
718,Spain,Female,37,3,67505,2,0,0,59924,1,0,4,DIAMOND,582
714,Germany,Female,50,3,235149,4,0,1,22243,0,1,3,DIAMOND,409
710,Spain,Male,27,1,237300,3,1,1,103177,0,1,2,SILVER,919
589,France,Male,45,0,210701,3,0,1,15241,1,1,2,PLATINUM,808
743,France,Female,44,0,124636,4,0,1,136389,1,1,3,SILVER,194
620,Germany,Female,57,2,221584,4,0,0,141662,1,1,4,SILVER,877
848,Spain,Female,89,5,15788,1,0,1,37482,0,1,2,SILVER,998
670,France,Male,81,8,120364,4,0,0,106627,1,1,1,DIAMOND,523
457,Spain,Female,56,1,79688,1,0,1,112859,1,0,2,GOLD,153
585,France,Male,49,2,157053,2,0,1,76516,0,1,5,GOLD,253
841,Spain,Female,39,10,130967,3,1,1,141376,1,0,4,PLATINUM,970
374,France,Male,88,8,205109,3,1,0,99452,0,1,3,SILVER,185
674,Germany,Male,76,4,110269,4,1,1,165849,1,0,5,GOLD,371
782,France,Female,53,1,115746,2,0,1,190939,0,0,2,PLATINUM,781
684,France,Female,50,1,5378,1,1,1,37474,0,0,5,GOLD,391
698,Spain,Female,36,5,89765,2,0,0,81133,1,1,3,GOLD,796
659,Germany,Female,36,8,173701,3,0,0,145631,1,1,5,SILVER,289
778,France,Female,47,5,147461,1,1,1,137994,1,0,3,GOLD,867
611,France,Female,56,2,49912,2,1,1,37853,0,0,3,PLATINUM,139
474,Germany,Female,87,10,50099,4,1,1,104609,1,0,2,SILVER,593
398,Spain,Female,81,6,79566,3,0,1,191168,1,0,4,PLATINUM,967
596,Germany,Male,48,7,8261,2,0,0,195855,0,1,2,DIAMOND,774
495,Spain,Female,88,10,151804,1,0,0,60988,1,1,5,GOLD,166
404,Germany,Male,25,0,212437,4,1,1,99661,0,1,1,SILVER,398
691,Spain,Male,46,10,119366,4,1,0,179992,0,1,3,GOLD,984
393,Spain,Male,46,2,200466,2,1,1,109797,0,0,1,PLATINUM,363
679,Spain,Male,40,4,145665,2,1,0,43342,1,0,5,GOLD,559
582,Germany,Female,34,9,15789,2,1,1,48275,1,1,1,DIAMOND,484
436,Germany,Male,86,4,234249,1,0,1,171105,0,0,5,GOLD,213
427,Germany,Male,19,1,246638,2,1,0,56628,1,1,1,SILVER,974
672,Spain,Female,83,3,56434,1,0,0,27133,1,1,2,DIAMOND,279
530,Spain,Male,27,0,134388,4,0,0,185264,1,1,5,DIAMOND,742
599,Germany,Male,19,4,233269,3,1,0,58902,1,0,4,GOLD,925
419,Germany,Female,28,0,188743,1,0,1,49836,1,1,2,PLATINUM,216
493,France,Male,85,4,122091,3,1,1,160291,0,1,5,DIAMOND,583
820,France,Male,58,2,35086,2,1,0,58935,1,0,2,GOLD,918
836,Germany,Male,81,4,55029,3,1,0,59787,0,0,5,PLATINUM,831
683,France,Female,19,5,8491,2,0,1,187449,0,1,1,DIAMOND,627
811,France,Male,22,3,103396,4,1,0,117968,0,1,4,PLATINUM,357
372,France,Female,31,6,182226,1,0,0,42411,0,0,3,DIAMOND,606
547,France,Female,92,3,186108,3,1,1,194280,1,0,5,GOLD,454
364,Spain,Female,47,5,84638,1,0,0,66536,0,0,5,SILVER,244
461,France,Male,49,4,100987,1,1,0,137343,1,0,1,DIAMOND,170
390,France,Male,90,9,231163,2,1,1,54091,1,1,2,DIAMOND,842
684,Germany,Female,19,7,53341,4,1,0,26638,0,1,2,DIAMOND,645
642,France,Female,73,10,249353,4,1,1,47229,0,0,1,GOLD,556
549,Germany,Female,45,10,90665,1,1,1,152065,1,0,1,GOLD,861
545,France,Female,86,9,133538,2,0,1,154331,1,1,2,DIAMOND,590
351,Spain,Female,51,10,49310,4,1,1,95646,1,0,5,PLATINUM,536
552,France,Male,39,5,206029,3,1,0,16927,0,0,5,GOLD,998
